Country,Mining share,Label,Area,Stakeholder,Indicator,Value,Area if each stakeholder has the same weight,Subcategory
Australia,18%,Australia 17.8%,0.00990991,Local Community,Drinking water coverage,1,0.011148649,Safe and healthy living conditions
Australia,18%,Australia 17.8%,0.00990991,Local Community,International Migrant Stock,5,0.011148649,Migration
Australia,18%,Australia 17.8%,0.00990991,Local Community,Presence of indigenous population,3,0.011148649,Respect of indigenous rights
Australia,18%,Australia 17.8%,0.00990991,Local Community,Sanitation coverage,3,0.011148649,Safe and healthy living conditions
Australia,18%,Australia 17.8%,0.00990991,Society,Embodied value added total,5,0.007432432,Contribution to economic development
Australia,18%,Australia 17.8%,0.00990991,Society,Global Peace Index,1,0.007432432,Health and Safety
Australia,18%,Australia 17.8%,0.00990991,Society,"Health expenditure, total",3,0.007432432,Health and Safety
Australia,18%,Australia 17.8%,0.00990991,Society,"Illiteracy rate, total",3,0.007432432,Contribution to economic development
Australia,18%,Australia 17.8%,0.00990991,Society,Life expectancy at birth,0,0.007432432,Health and Safety
Australia,18%,Australia 17.8%,0.00990991,Society,Public expenditure on education,2,0.007432432,Contribution to economic development
Australia,18%,Australia 17.8%,0.00990991,Value Chain Actors,Public sector corruption,2,0.044594595,Corruption
Australia,18%,Australia 17.8%,0.00990991,Workers,"Children in employment, total",2,0.006370656,Child labour
Australia,18%,Australia 17.8%,0.00990991,Workers,Evidence of violations of laws and employment regulations,3,0.006370656,"Social benefits, legal issues"
Australia,18%,Australia 17.8%,0.00990991,Workers,"Sector average wage, per month",1,0.006370656,Fair Salary
Australia,18%,Australia 17.8%,0.00990991,Workers,Trade union density,5,0.006370656,Freedom of association and collective bargaining
Australia,18%,Australia 17.8%,0.00990991,Workers,Weekly hours of work per employee,3,0.006370656,Working time
Australia,18%,Australia 17.8%,0.00990991,Workers,Women in the sectoral labour force,4,0.006370656,Discrimination
Australia,18%,Australia 17.8%,0.00990991,Workers,Workers affected by natural disasters,1,0.006370656,Health and Safety
Brazil,6%,Brazil 6.5%,0.003603604,Local Community,Drinking water coverage,1,0.004054054,Safe and healthy living conditions
Brazil,6%,Brazil 6.5%,0.003603604,Local Community,International Migrant Stock,1,0.004054054,Migration
Brazil,6%,Brazil 6.5%,0.003603604,Local Community,Presence of indigenous population,3,0.004054054,Respect of indigenous rights
Brazil,6%,Brazil 6.5%,0.003603604,Local Community,Sanitation coverage,4,0.004054054,Safe and healthy living conditions
Brazil,6%,Brazil 6.5%,0.003603604,Society,Embodied value added total,5,0.002702703,Contribution to economic development
Brazil,6%,Brazil 6.5%,0.003603604,Society,Global Peace Index,3,0.002702703,Health and Safety
Brazil,6%,Brazil 6.5%,0.003603604,Society,"Health expenditure, total",2,0.002702703,Health and Safety
Brazil,6%,Brazil 6.5%,0.003603604,Society,"Illiteracy rate, total",3,0.002702703,Contribution to economic development
Brazil,6%,Brazil 6.5%,0.003603604,Society,Life expectancy at birth,2,0.002702703,Health and Safety
Brazil,6%,Brazil 6.5%,0.003603604,Society,Public expenditure on education,1,0.002702703,Contribution to economic development
Brazil,6%,Brazil 6.5%,0.003603604,Value Chain Actors,Public sector corruption,5,0.016216216,Corruption
Brazil,6%,Brazil 6.5%,0.003603604,Workers,"Children in employment, total",2,0.002316602,Child labour
Brazil,6%,Brazil 6.5%,0.003603604,Workers,Evidence of violations of laws and employment regulations,3,0.002316602,"Social benefits, legal issues"
Brazil,6%,Brazil 6.5%,0.003603604,Workers,"Sector average wage, per month",3,0.002316602,Fair Salary
Brazil,6%,Brazil 6.5%,0.003603604,Workers,Trade union density,5,0.002316602,Freedom of association and collective bargaining
Brazil,6%,Brazil 6.5%,0.003603604,Workers,Weekly hours of work per employee,2,0.002316602,Working time
Brazil,6%,Brazil 6.5%,0.003603604,Workers,Women in the sectoral labour force,1,0.002316602,Discrimination
Brazil,6%,Brazil 6.5%,0.003603604,Workers,Workers affected by natural disasters,1,0.002316602,Health and Safety
China,7%,China 7%,0.003903904,Local Community,Drinking water coverage,2,0.004391892,Safe and healthy living conditions
China,7%,China 7%,0.003903904,Local Community,International Migrant Stock,1,0.004391892,Migration
China,7%,China 7%,0.003903904,Local Community,Presence of indigenous population,3,0.004391892,Respect of indigenous rights
China,7%,China 7%,0.003903904,Local Community,Sanitation coverage,4,0.004391892,Safe and healthy living conditions
China,7%,China 7%,0.003903904,Society,Embodied value added total,2,0.002927928,Contribution to economic development
China,7%,China 7%,0.003903904,Society,Global Peace Index,3,0.002927928,Health and Safety
China,7%,China 7%,0.003903904,Society,"Health expenditure, total",4,0.002927928,Health and Safety
China,7%,China 7%,0.003903904,Society,"Illiteracy rate, total",3,0.002927928,Contribution to economic development
China,7%,China 7%,0.003903904,Society,Life expectancy at birth,1,0.002927928,Health and Safety
China,7%,China 7%,0.003903904,Society,Public expenditure on education,2,0.002927928,Contribution to economic development
China,7%,China 7%,0.003903904,Value Chain Actors,Public sector corruption,5,0.017567568,Corruption
China,7%,China 7%,0.003903904,Workers,"Children in employment, total",4,0.002509653,Child labour
China,7%,China 7%,0.003903904,Workers,Evidence of violations of laws and employment regulations,3,0.002509653,"Social benefits, legal issues"
China,7%,China 7%,0.003903904,Workers,"Sector average wage, per month",1,0.002509653,Fair Salary
China,7%,China 7%,0.003903904,Workers,Trade union density,3,0.002509653,Freedom of association and collective bargaining
China,7%,China 7%,0.003903904,Workers,Weekly hours of work per employee,3,0.002509653,Working time
China,7%,China 7%,0.003903904,Workers,Women in the sectoral labour force,1,0.002509653,Discrimination
China,7%,China 7%,0.003903904,Workers,Workers affected by natural disasters,4,0.002509653,Health and Safety
Gabon,15%,Gabon 15.1%,0.008408408,Local Community,Drinking water coverage,3,0.009459459,Safe and healthy living conditions
Gabon,15%,Gabon 15.1%,0.008408408,Local Community,International Migrant Stock,4,0.009459459,Migration
Gabon,15%,Gabon 15.1%,0.008408408,Local Community,Presence of indigenous population,3,0.009459459,Respect of indigenous rights
Gabon,15%,Gabon 15.1%,0.008408408,Local Community,Sanitation coverage,4,0.009459459,Safe and healthy living conditions
Gabon,15%,Gabon 15.1%,0.008408408,Society,Embodied value added total,4,0.006306306,Contribution to economic development
Gabon,15%,Gabon 15.1%,0.008408408,Society,Global Peace Index,3,0.006306306,Health and Safety
Gabon,15%,Gabon 15.1%,0.008408408,Society,"Health expenditure, total",4,0.006306306,Health and Safety
Gabon,15%,Gabon 15.1%,0.008408408,Society,"Illiteracy rate, total",5,0.006306306,Contribution to economic development
Gabon,15%,Gabon 15.1%,0.008408408,Society,Life expectancy at birth,4,0.006306306,Health and Safety
Gabon,15%,Gabon 15.1%,0.008408408,Society,Public expenditure on education,3,0.006306306,Contribution to economic development
Gabon,15%,Gabon 15.1%,0.008408408,Value Chain Actors,Public sector corruption,5,0.037837838,Corruption
Gabon,15%,Gabon 15.1%,0.008408408,Workers,"Children in employment, total",5,0.005405405,Child labour
Gabon,15%,Gabon 15.1%,0.008408408,Workers,Evidence of violations of laws and employment regulations,4,0.005405405,"Social benefits, legal issues"
Gabon,15%,Gabon 15.1%,0.008408408,Workers,"Sector average wage, per month",3,0.005405405,Fair Salary
Gabon,15%,Gabon 15.1%,0.008408408,Workers,Trade union density,5,0.005405405,Freedom of association and collective bargaining
Gabon,15%,Gabon 15.1%,0.008408408,Workers,Weekly hours of work per employee,2,0.005405405,Working time
Gabon,15%,Gabon 15.1%,0.008408408,Workers,Women in the sectoral labour force,1,0.005405405,Discrimination
Gabon,15%,Gabon 15.1%,0.008408408,Workers,Workers affected by natural disasters,3,0.005405405,Health and Safety
Ghana,8%,Ghana 7.6%,0.004204204,Local Community,Drinking water coverage,5,0.00472973,Safe and healthy living conditions
Ghana,8%,Ghana 7.6%,0.004204204,Local Community,International Migrant Stock,1,0.00472973,Migration
Ghana,8%,Ghana 7.6%,0.004204204,Local Community,Presence of indigenous population,0,0.00472973,Respect of indigenous rights
Ghana,8%,Ghana 7.6%,0.004204204,Local Community,Sanitation coverage,5,0.00472973,Safe and healthy living conditions
Ghana,8%,Ghana 7.6%,0.004204204,Society,Embodied value added total,3,0.003153153,Contribution to economic development
Ghana,8%,Ghana 7.6%,0.004204204,Society,Global Peace Index,2,0.003153153,Health and Safety
Ghana,8%,Ghana 7.6%,0.004204204,Society,"Health expenditure, total",4,0.003153153,Health and Safety
Ghana,8%,Ghana 7.6%,0.004204204,Society,"Illiteracy rate, total",5,0.003153153,Contribution to economic development
Ghana,8%,Ghana 7.6%,0.004204204,Society,Life expectancy at birth,4,0.003153153,Health and Safety
Ghana,8%,Ghana 7.6%,0.004204204,Society,Public expenditure on education,2,0.003153153,Contribution to economic development
Ghana,8%,Ghana 7.6%,0.004204204,Value Chain Actors,Public sector corruption,5,0.018918919,Corruption
Ghana,8%,Ghana 7.6%,0.004204204,Workers,"Children in employment, total",5,0.002702703,Child labour
Ghana,8%,Ghana 7.6%,0.004204204,Workers,Evidence of violations of laws and employment regulations,4,0.002702703,"Social benefits, legal issues"
Ghana,8%,Ghana 7.6%,0.004204204,Workers,"Sector average wage, per month",5,0.002702703,Fair Salary
Ghana,8%,Ghana 7.6%,0.004204204,Workers,Trade union density,4,0.002702703,Freedom of association and collective bargaining
Ghana,8%,Ghana 7.6%,0.004204204,Workers,Weekly hours of work per employee,2,0.002702703,Working time
Ghana,8%,Ghana 7.6%,0.004204204,Workers,Women in the sectoral labour force,4,0.002702703,Discrimination
Ghana,8%,Ghana 7.6%,0.004204204,Workers,Workers affected by natural disasters,1,0.002702703,Health and Safety
South Africa,28%,South Africa 28.1%,0.015615616,Local Community,Drinking water coverage,3,0.017567568,Safe and healthy living conditions
South Africa,28%,South Africa 28.1%,0.015615616,Local Community,International Migrant Stock,3,0.017567568,Migration
South Africa,28%,South Africa 28.1%,0.015615616,Local Community,Presence of indigenous population,3,0.017567568,Respect of indigenous rights
South Africa,28%,South Africa 28.1%,0.015615616,Local Community,Sanitation coverage,4,0.017567568,Safe and healthy living conditions
South Africa,28%,South Africa 28.1%,0.015615616,Society,Embodied value added total,5,0.011711712,Contribution to economic development
South Africa,28%,South Africa 28.1%,0.015615616,Society,Global Peace Index,4,0.011711712,Health and Safety
South Africa,28%,South Africa 28.1%,0.015615616,Society,"Health expenditure, total",3,0.011711712,Health and Safety
South Africa,28%,South Africa 28.1%,0.015615616,Society,"Illiteracy rate, total",3,0.011711712,Contribution to economic development
South Africa,28%,South Africa 28.1%,0.015615616,Society,Life expectancy at birth,5,0.011711712,Health and Safety
South Africa,28%,South Africa 28.1%,0.015615616,Society,Public expenditure on education,1,0.011711712,Contribution to economic development
South Africa,28%,South Africa 28.1%,0.015615616,Value Chain Actors,Public sector corruption,5,0.07027027,Corruption
South Africa,28%,South Africa 28.1%,0.015615616,Workers,"Children in employment, total",5,0.01003861,Child labour
South Africa,28%,South Africa 28.1%,0.015615616,Workers,Evidence of violations of laws and employment regulations,1,0.01003861,"Social benefits, legal issues"
South Africa,28%,South Africa 28.1%,0.015615616,Workers,"Sector average wage, per month",3,0.01003861,Fair Salary
South Africa,28%,South Africa 28.1%,0.015615616,Workers,Trade union density,4,0.01003861,Freedom of association and collective bargaining
South Africa,28%,South Africa 28.1%,0.015615616,Workers,Weekly hours of work per employee,2,0.01003861,Working time
South Africa,28%,South Africa 28.1%,0.015615616,Workers,Women in the sectoral labour force,4,0.01003861,Discrimination
South Africa,28%,South Africa 28.1%,0.015615616,Workers,Workers affected by natural disasters,1,0.01003861,Health and Safety
Rest of the world,0.178378378,Rest of the world 17.8%,0.178378378,,,3.366893797,0.178378378,
