Material,Material share,Country,Mining share,Label,Area,Stakeholder,Indicator,Value
Nickel,0.569063794,Australia,0.068,Australia 6.8%,0.002418521,Local Community,Drinking water coverage,1
Nickel,0.569063794,Australia,0.068,Australia 6.8%,0.002418521,Local Community,International Migrant Stock,5
Nickel,0.569063794,Australia,0.068,Australia 6.8%,0.002418521,Local Community,Presence of indigenous population,3
Nickel,0.569063794,Australia,0.068,Australia 6.8%,0.002418521,Local Community,Sanitation coverage,3
Nickel,0.569063794,Australia,0.068,Australia 6.8%,0.001612347,Society,Embodied value added total,5
Nickel,0.569063794,Australia,0.068,Australia 6.8%,0.001612347,Society,Global Peace Index,1
Nickel,0.569063794,Australia,0.068,Australia 6.8%,0.001612347,Society,"Health expenditure, total",3
Nickel,0.569063794,Australia,0.068,Australia 6.8%,0.001612347,Society,"Illiteracy rate, total",3
Nickel,0.569063794,Australia,0.068,Australia 6.8%,0.001612347,Society,Life expectancy at birth,0
Nickel,0.569063794,Australia,0.068,Australia 6.8%,0.001612347,Society,Public expenditure on education,2
Nickel,0.569063794,Australia,0.068,Australia 6.8%,0.009674084,Value Chain Actors,Public sector corruption,2
Nickel,0.569063794,Australia,0.068,Australia 6.8%,0.001382012,Workers,"Children in employment, total",2
Nickel,0.569063794,Australia,0.068,Australia 6.8%,0.001382012,Workers,Evidence of violations of laws and employment regulations,3
Nickel,0.569063794,Australia,0.068,Australia 6.8%,0.001382012,Workers,"Sector average wage, per month",1
Nickel,0.569063794,Australia,0.068,Australia 6.8%,0.001382012,Workers,Trade union density,5
Nickel,0.569063794,Australia,0.068,Australia 6.8%,0.001382012,Workers,Weekly hours of work per employee,3
Nickel,0.569063794,Australia,0.068,Australia 6.8%,0.001382012,Workers,Women in the sectoral labour force,4
Nickel,0.569063794,Australia,0.068,Australia 6.8%,0.001382012,Workers,Workers affected by natural disasters,1
Nickel,0.569063794,Canada,0.06,Canada 6%,0.002133989,Local Community,Drinking water coverage,1
Nickel,0.569063794,Canada,0.06,Canada 6%,0.002133989,Local Community,International Migrant Stock,5
Nickel,0.569063794,Canada,0.06,Canada 6%,0.002133989,Local Community,Presence of indigenous population,3
Nickel,0.569063794,Canada,0.06,Canada 6%,0.002133989,Local Community,Sanitation coverage,3
Nickel,0.569063794,Canada,0.06,Canada 6%,0.001422659,Society,Embodied value added total,1
Nickel,0.569063794,Canada,0.06,Canada 6%,0.001422659,Society,Global Peace Index,1
Nickel,0.569063794,Canada,0.06,Canada 6%,0.001422659,Society,"Health expenditure, total",2
Nickel,0.569063794,Canada,0.06,Canada 6%,0.001422659,Society,"Illiteracy rate, total",1
Nickel,0.569063794,Canada,0.06,Canada 6%,0.001422659,Society,Life expectancy at birth,0
Nickel,0.569063794,Canada,0.06,Canada 6%,0.001422659,Society,Public expenditure on education,2
Nickel,0.569063794,Canada,0.06,Canada 6%,0.008535957,Value Chain Actors,Public sector corruption,2
Nickel,0.569063794,Canada,0.06,Canada 6%,0.001219422,Workers,"Children in employment, total",2
Nickel,0.569063794,Canada,0.06,Canada 6%,0.001219422,Workers,Evidence of violations of laws and employment regulations,3
Nickel,0.569063794,Canada,0.06,Canada 6%,0.001219422,Workers,"Sector average wage, per month",3
Nickel,0.569063794,Canada,0.06,Canada 6%,0.001219422,Workers,Trade union density,4
Nickel,0.569063794,Canada,0.06,Canada 6%,0.001219422,Workers,Weekly hours of work per employee,3
Nickel,0.569063794,Canada,0.06,Canada 6%,0.001219422,Workers,Women in the sectoral labour force,5
Nickel,0.569063794,Canada,0.06,Canada 6%,0.001219422,Workers,Workers affected by natural disasters,1
Nickel,0.569063794,China,0.048,China 4.8%,0.001707191,Local Community,Drinking water coverage,2
Nickel,0.569063794,China,0.048,China 4.8%,0.001707191,Local Community,International Migrant Stock,1
Nickel,0.569063794,China,0.048,China 4.8%,0.001707191,Local Community,Presence of indigenous population,3
Nickel,0.569063794,China,0.048,China 4.8%,0.001707191,Local Community,Sanitation coverage,4
Nickel,0.569063794,China,0.048,China 4.8%,0.001138128,Society,Embodied value added total,2
Nickel,0.569063794,China,0.048,China 4.8%,0.001138128,Society,Global Peace Index,3
Nickel,0.569063794,China,0.048,China 4.8%,0.001138128,Society,"Health expenditure, total",4
Nickel,0.569063794,China,0.048,China 4.8%,0.001138128,Society,"Illiteracy rate, total",3
Nickel,0.569063794,China,0.048,China 4.8%,0.001138128,Society,Life expectancy at birth,1
Nickel,0.569063794,China,0.048,China 4.8%,0.001138128,Society,Public expenditure on education,2
Nickel,0.569063794,China,0.048,China 4.8%,0.006828766,Value Chain Actors,Public sector corruption,5
Nickel,0.569063794,China,0.048,China 4.8%,0.000975538,Workers,"Children in employment, total",4
Nickel,0.569063794,China,0.048,China 4.8%,0.000975538,Workers,Evidence of violations of laws and employment regulations,3
Nickel,0.569063794,China,0.048,China 4.8%,0.000975538,Workers,"Sector average wage, per month",1
Nickel,0.569063794,China,0.048,China 4.8%,0.000975538,Workers,Trade union density,3
Nickel,0.569063794,China,0.048,China 4.8%,0.000975538,Workers,Weekly hours of work per employee,3
Nickel,0.569063794,China,0.048,China 4.8%,0.000975538,Workers,Women in the sectoral labour force,1
Nickel,0.569063794,China,0.048,China 4.8%,0.000975538,Workers,Workers affected by natural disasters,4
Nickel,0.569063794,Indonesia,0.304,Indonesia 30.4%,0.010812212,Local Community,Drinking water coverage,3
Nickel,0.569063794,Indonesia,0.304,Indonesia 30.4%,0.010812212,Local Community,International Migrant Stock,1
Nickel,0.569063794,Indonesia,0.304,Indonesia 30.4%,0.010812212,Local Community,Presence of indigenous population,3
Nickel,0.569063794,Indonesia,0.304,Indonesia 30.4%,0.010812212,Local Community,Sanitation coverage,4
Nickel,0.569063794,Indonesia,0.304,Indonesia 30.4%,0.007208141,Society,Embodied value added total,1
Nickel,0.569063794,Indonesia,0.304,Indonesia 30.4%,0.007208141,Society,Global Peace Index,2
Nickel,0.569063794,Indonesia,0.304,Indonesia 30.4%,0.007208141,Society,"Health expenditure, total",4
Nickel,0.569063794,Indonesia,0.304,Indonesia 30.4%,0.007208141,Society,"Illiteracy rate, total",3
Nickel,0.569063794,Indonesia,0.304,Indonesia 30.4%,0.007208141,Society,Life expectancy at birth,3
Nickel,0.569063794,Indonesia,0.304,Indonesia 30.4%,0.007208141,Society,Public expenditure on education,3
Nickel,0.569063794,Indonesia,0.304,Indonesia 30.4%,0.043248848,Value Chain Actors,Public sector corruption,5
Nickel,0.569063794,Indonesia,0.304,Indonesia 30.4%,0.006178407,Workers,"Children in employment, total",2
Nickel,0.569063794,Indonesia,0.304,Indonesia 30.4%,0.006178407,Workers,Evidence of violations of laws and employment regulations,3
Nickel,0.569063794,Indonesia,0.304,Indonesia 30.4%,0.006178407,Workers,"Sector average wage, per month",4
Nickel,0.569063794,Indonesia,0.304,Indonesia 30.4%,0.006178407,Workers,Trade union density,5
Nickel,0.569063794,Indonesia,0.304,Indonesia 30.4%,0.006178407,Workers,Weekly hours of work per employee,3
Nickel,0.569063794,Indonesia,0.304,Indonesia 30.4%,0.006178407,Workers,Women in the sectoral labour force,1
Nickel,0.569063794,Indonesia,0.304,Indonesia 30.4%,0.006178407,Workers,Workers affected by natural disasters,1
Nickel,0.569063794,New Caledonia,0.08,New Caledonia 8%,0.002845319,Local Community,Drinking water coverage,1
Nickel,0.569063794,New Caledonia,0.08,New Caledonia 8%,0.002845319,Local Community,International Migrant Stock,5
Nickel,0.569063794,New Caledonia,0.08,New Caledonia 8%,0.002845319,Local Community,Presence of indigenous population,3
Nickel,0.569063794,New Caledonia,0.08,New Caledonia 8%,0.002845319,Local Community,Sanitation coverage,4
Nickel,0.569063794,New Caledonia,0.08,New Caledonia 8%,0.001896879,Society,Embodied value added total,4
Nickel,0.569063794,New Caledonia,0.08,New Caledonia 8%,0.001896879,Society,Global Peace Index,4
Nickel,0.569063794,New Caledonia,0.08,New Caledonia 8%,0.001896879,Society,"Health expenditure, total",3
Nickel,0.569063794,New Caledonia,0.08,New Caledonia 8%,0.001896879,Society,"Illiteracy rate, total",2
Nickel,0.569063794,New Caledonia,0.08,New Caledonia 8%,0.001896879,Society,Life expectancy at birth,1
Nickel,0.569063794,New Caledonia,0.08,New Caledonia 8%,0.001896879,Society,Public expenditure on education,2
Nickel,0.569063794,New Caledonia,0.08,New Caledonia 8%,0.011381276,Value Chain Actors,Public sector corruption,4
Nickel,0.569063794,New Caledonia,0.08,New Caledonia 8%,0.001625897,Workers,"Children in employment, total",3
Nickel,0.569063794,New Caledonia,0.08,New Caledonia 8%,0.001625897,Workers,Evidence of violations of laws and employment regulations,4
Nickel,0.569063794,New Caledonia,0.08,New Caledonia 8%,0.001625897,Workers,"Sector average wage, per month",2
Nickel,0.569063794,New Caledonia,0.08,New Caledonia 8%,0.001625897,Workers,Trade union density,4
Nickel,0.569063794,New Caledonia,0.08,New Caledonia 8%,0.001625897,Workers,Weekly hours of work per employee,3
Nickel,0.569063794,New Caledonia,0.08,New Caledonia 8%,0.001625897,Workers,Women in the sectoral labour force,2
Nickel,0.569063794,New Caledonia,0.08,New Caledonia 8%,0.001625897,Workers,Workers affected by natural disasters,1
Nickel,0.569063794,Philippines,0.128,Philippines 12.8%,0.00455251,Local Community,Drinking water coverage,2
Nickel,0.569063794,Philippines,0.128,Philippines 12.8%,0.00455251,Local Community,International Migrant Stock,1
Nickel,0.569063794,Philippines,0.128,Philippines 12.8%,0.00455251,Local Community,Presence of indigenous population,3
Nickel,0.569063794,Philippines,0.128,Philippines 12.8%,0.00455251,Local Community,Sanitation coverage,4
Nickel,0.569063794,Philippines,0.128,Philippines 12.8%,0.003035007,Society,Embodied value added total,1
Nickel,0.569063794,Philippines,0.128,Philippines 12.8%,0.003035007,Society,Global Peace Index,4
Nickel,0.569063794,Philippines,0.128,Philippines 12.8%,0.003035007,Society,"Health expenditure, total",4
Nickel,0.569063794,Philippines,0.128,Philippines 12.8%,0.003035007,Society,"Illiteracy rate, total",2
Nickel,0.569063794,Philippines,0.128,Philippines 12.8%,0.003035007,Society,Life expectancy at birth,3
Nickel,0.569063794,Philippines,0.128,Philippines 12.8%,0.003035007,Society,Public expenditure on education,3
Nickel,0.569063794,Philippines,0.128,Philippines 12.8%,0.018210041,Value Chain Actors,Public sector corruption,5
Nickel,0.569063794,Philippines,0.128,Philippines 12.8%,0.002601434,Workers,"Children in employment, total",3
Nickel,0.569063794,Philippines,0.128,Philippines 12.8%,0.002601434,Workers,Evidence of violations of laws and employment regulations,3
Nickel,0.569063794,Philippines,0.128,Philippines 12.8%,0.002601434,Workers,"Sector average wage, per month",4
Nickel,0.569063794,Philippines,0.128,Philippines 12.8%,0.002601434,Workers,Trade union density,5
Nickel,0.569063794,Philippines,0.128,Philippines 12.8%,0.002601434,Workers,Weekly hours of work per employee,3
Nickel,0.569063794,Philippines,0.128,Philippines 12.8%,0.002601434,Workers,Women in the sectoral labour force,5
Nickel,0.569063794,Philippines,0.128,Philippines 12.8%,0.002601434,Workers,Workers affected by natural disasters,5
Nickel,0.569063794,Russia,0.112,Russia 11.2%,0.003983447,Local Community,Drinking water coverage,5
Nickel,0.569063794,Russia,0.112,Russia 11.2%,0.003983447,Local Community,International Migrant Stock,3
Nickel,0.569063794,Russia,0.112,Russia 11.2%,0.003983447,Local Community,Presence of indigenous population,3
Nickel,0.569063794,Russia,0.112,Russia 11.2%,0.003983447,Local Community,Sanitation coverage,3
Nickel,0.569063794,Russia,0.112,Russia 11.2%,0.002655631,Society,Embodied value added total,5
Nickel,0.569063794,Russia,0.112,Russia 11.2%,0.002655631,Society,Global Peace Index,5
Nickel,0.569063794,Russia,0.112,Russia 11.2%,0.002655631,Society,"Health expenditure, total",3
Nickel,0.569063794,Russia,0.112,Russia 11.2%,0.002655631,Society,"Illiteracy rate, total",1
Nickel,0.569063794,Russia,0.112,Russia 11.2%,0.002655631,Society,Life expectancy at birth,2
Nickel,0.569063794,Russia,0.112,Russia 11.2%,0.002655631,Society,Public expenditure on education,3
Nickel,0.569063794,Russia,0.112,Russia 11.2%,0.015933786,Value Chain Actors,Public sector corruption,5
Nickel,0.569063794,Russia,0.112,Russia 11.2%,0.002276255,Workers,"Children in employment, total",4
Nickel,0.569063794,Russia,0.112,Russia 11.2%,0.002276255,Workers,Evidence of violations of laws and employment regulations,3
Nickel,0.569063794,Russia,0.112,Russia 11.2%,0.002276255,Workers,"Sector average wage, per month",2
Nickel,0.569063794,Russia,0.112,Russia 11.2%,0.002276255,Workers,Trade union density,4
Nickel,0.569063794,Russia,0.112,Russia 11.2%,0.002276255,Workers,Weekly hours of work per employee,4
Nickel,0.569063794,Russia,0.112,Russia 11.2%,0.002276255,Workers,Women in the sectoral labour force,1
Nickel,0.569063794,Russia,0.112,Russia 11.2%,0.002276255,Workers,Workers affected by natural disasters,1
Nickel,0.569063794,Rest of the world,0.2,Rest of the world 20%,0.113812759,,,3.215982143
Cobalt,0.190462604,Australia,0.040714286,Australia 4.1%,0.000484659,Local Community,Drinking water coverage,1
Cobalt,0.190462604,Australia,0.040714286,Australia 4.1%,0.000484659,Local Community,International Migrant Stock,5
Cobalt,0.190462604,Australia,0.040714286,Australia 4.1%,0.000484659,Local Community,Presence of indigenous population,3
Cobalt,0.190462604,Australia,0.040714286,Australia 4.1%,0.000484659,Local Community,Sanitation coverage,3
Cobalt,0.190462604,Australia,0.040714286,Australia 4.1%,0.000323106,Society,Embodied value added total,5
Cobalt,0.190462604,Australia,0.040714286,Australia 4.1%,0.000323106,Society,Global Peace Index,1
Cobalt,0.190462604,Australia,0.040714286,Australia 4.1%,0.000323106,Society,"Health expenditure, total",3
Cobalt,0.190462604,Australia,0.040714286,Australia 4.1%,0.000323106,Society,"Illiteracy rate, total",3
Cobalt,0.190462604,Australia,0.040714286,Australia 4.1%,0.000323106,Society,Life expectancy at birth,0
Cobalt,0.190462604,Australia,0.040714286,Australia 4.1%,0.000323106,Society,Public expenditure on education,2
Cobalt,0.190462604,Australia,0.040714286,Australia 4.1%,0.001938637,Value Chain Actors,Public sector corruption,2
Cobalt,0.190462604,Australia,0.040714286,Australia 4.1%,0.000276948,Workers,"Children in employment, total",2
Cobalt,0.190462604,Australia,0.040714286,Australia 4.1%,0.000276948,Workers,Evidence of violations of laws and employment regulations,3
Cobalt,0.190462604,Australia,0.040714286,Australia 4.1%,0.000276948,Workers,"Sector average wage, per month",1
Cobalt,0.190462604,Australia,0.040714286,Australia 4.1%,0.000276948,Workers,Trade union density,5
Cobalt,0.190462604,Australia,0.040714286,Australia 4.1%,0.000276948,Workers,Weekly hours of work per employee,3
Cobalt,0.190462604,Australia,0.040714286,Australia 4.1%,0.000276948,Workers,Women in the sectoral labour force,4
Cobalt,0.190462604,Australia,0.040714286,Australia 4.1%,0.000276948,Workers,Workers affected by natural disasters,1
Cobalt,0.190462604,Canada,0.022857143,Canada 2.3%,0.000272089,Local Community,Drinking water coverage,1
Cobalt,0.190462604,Canada,0.022857143,Canada 2.3%,0.000272089,Local Community,International Migrant Stock,5
Cobalt,0.190462604,Canada,0.022857143,Canada 2.3%,0.000272089,Local Community,Presence of indigenous population,3
Cobalt,0.190462604,Canada,0.022857143,Canada 2.3%,0.000272089,Local Community,Sanitation coverage,3
Cobalt,0.190462604,Canada,0.022857143,Canada 2.3%,0.000181393,Society,Embodied value added total,1
Cobalt,0.190462604,Canada,0.022857143,Canada 2.3%,0.000181393,Society,Global Peace Index,1
Cobalt,0.190462604,Canada,0.022857143,Canada 2.3%,0.000181393,Society,"Health expenditure, total",2
Cobalt,0.190462604,Canada,0.022857143,Canada 2.3%,0.000181393,Society,"Illiteracy rate, total",1
Cobalt,0.190462604,Canada,0.022857143,Canada 2.3%,0.000181393,Society,Life expectancy at birth,0
Cobalt,0.190462604,Canada,0.022857143,Canada 2.3%,0.000181393,Society,Public expenditure on education,2
Cobalt,0.190462604,Canada,0.022857143,Canada 2.3%,0.001088358,Value Chain Actors,Public sector corruption,2
Cobalt,0.190462604,Canada,0.022857143,Canada 2.3%,0.00015548,Workers,"Children in employment, total",2
Cobalt,0.190462604,Canada,0.022857143,Canada 2.3%,0.00015548,Workers,Evidence of violations of laws and employment regulations,3
Cobalt,0.190462604,Canada,0.022857143,Canada 2.3%,0.00015548,Workers,"Sector average wage, per month",3
Cobalt,0.190462604,Canada,0.022857143,Canada 2.3%,0.00015548,Workers,Trade union density,4
Cobalt,0.190462604,Canada,0.022857143,Canada 2.3%,0.00015548,Workers,Weekly hours of work per employee,3
Cobalt,0.190462604,Canada,0.022857143,Canada 2.3%,0.00015548,Workers,Women in the sectoral labour force,5
Cobalt,0.190462604,Canada,0.022857143,Canada 2.3%,0.00015548,Workers,Workers affected by natural disasters,1
Cobalt,0.190462604,Cuba,0.025714286,Cuba 2.6%,0.000306101,Local Community,Drinking water coverage,2
Cobalt,0.190462604,Cuba,0.025714286,Cuba 2.6%,0.000306101,Local Community,International Migrant Stock,1
Cobalt,0.190462604,Cuba,0.025714286,Cuba 2.6%,0.000306101,Local Community,Presence of indigenous population,3
Cobalt,0.190462604,Cuba,0.025714286,Cuba 2.6%,0.000306101,Local Community,Sanitation coverage,5
Cobalt,0.190462604,Cuba,0.025714286,Cuba 2.6%,0.000204067,Society,Embodied value added total,4
Cobalt,0.190462604,Cuba,0.025714286,Cuba 2.6%,0.000204067,Society,Global Peace Index,3
Cobalt,0.190462604,Cuba,0.025714286,Cuba 2.6%,0.000204067,Society,"Health expenditure, total",2
Cobalt,0.190462604,Cuba,0.025714286,Cuba 2.6%,0.000204067,Society,"Illiteracy rate, total",1
Cobalt,0.190462604,Cuba,0.025714286,Cuba 2.6%,0.000204067,Society,Life expectancy at birth,1
Cobalt,0.190462604,Cuba,0.025714286,Cuba 2.6%,0.000204067,Society,Public expenditure on education,2
Cobalt,0.190462604,Cuba,0.025714286,Cuba 2.6%,0.001224402,Value Chain Actors,Public sector corruption,5
Cobalt,0.190462604,Cuba,0.025714286,Cuba 2.6%,0.000174915,Workers,"Children in employment, total",4
Cobalt,0.190462604,Cuba,0.025714286,Cuba 2.6%,0.000174915,Workers,Evidence of violations of laws and employment regulations,4
Cobalt,0.190462604,Cuba,0.025714286,Cuba 2.6%,0.000174915,Workers,"Sector average wage, per month",3
Cobalt,0.190462604,Cuba,0.025714286,Cuba 2.6%,0.000174915,Workers,Trade union density,5
Cobalt,0.190462604,Cuba,0.025714286,Cuba 2.6%,0.000174915,Workers,Weekly hours of work per employee,2
Cobalt,0.190462604,Cuba,0.025714286,Cuba 2.6%,0.000174915,Workers,Women in the sectoral labour force,3
Cobalt,0.190462604,Cuba,0.025714286,Cuba 2.6%,0.000174915,Workers,Workers affected by natural disasters,2
Cobalt,0.190462604,DRC,0.678571429,DRC 67.9%,0.008077655,Local Community,Drinking water coverage,4
Cobalt,0.190462604,DRC,0.678571429,DRC 67.9%,0.008077655,Local Community,International Migrant Stock,1
Cobalt,0.190462604,DRC,0.678571429,DRC 67.9%,0.008077655,Local Community,Presence of indigenous population,3
Cobalt,0.190462604,DRC,0.678571429,DRC 67.9%,0.008077655,Local Community,Sanitation coverage,5
Cobalt,0.190462604,DRC,0.678571429,DRC 67.9%,0.005385103,Society,Embodied value added total,3
Cobalt,0.190462604,DRC,0.678571429,DRC 67.9%,0.005385103,Society,Global Peace Index,5
Cobalt,0.190462604,DRC,0.678571429,DRC 67.9%,0.005385103,Society,"Health expenditure, total",4
Cobalt,0.190462604,DRC,0.678571429,DRC 67.9%,0.005385103,Society,"Illiteracy rate, total",5
Cobalt,0.190462604,DRC,0.678571429,DRC 67.9%,0.005385103,Society,Life expectancy at birth,5
Cobalt,0.190462604,DRC,0.678571429,DRC 67.9%,0.005385103,Society,Public expenditure on education,4
Cobalt,0.190462604,DRC,0.678571429,DRC 67.9%,0.03231062,Value Chain Actors,Public sector corruption,5
Cobalt,0.190462604,DRC,0.678571429,DRC 67.9%,0.004615803,Workers,"Children in employment, total",5
Cobalt,0.190462604,DRC,0.678571429,DRC 67.9%,0.004615803,Workers,Evidence of violations of laws and employment regulations,4
Cobalt,0.190462604,DRC,0.678571429,DRC 67.9%,0.004615803,Workers,"Sector average wage, per month",3
Cobalt,0.190462604,DRC,0.678571429,DRC 67.9%,0.004615803,Workers,Trade union density,5
Cobalt,0.190462604,DRC,0.678571429,DRC 67.9%,0.004615803,Workers,Weekly hours of work per employee,3
Cobalt,0.190462604,DRC,0.678571429,DRC 67.9%,0.004615803,Workers,Women in the sectoral labour force,1
Cobalt,0.190462604,DRC,0.678571429,DRC 67.9%,0.004615803,Workers,Workers affected by natural disasters,1
Cobalt,0.190462604,Papua New Guinea,0.02,Papua New Guinea 2%,0.000238078,Local Community,Drinking water coverage,4
Cobalt,0.190462604,Papua New Guinea,0.02,Papua New Guinea 2%,0.000238078,Local Community,International Migrant Stock,1
Cobalt,0.190462604,Papua New Guinea,0.02,Papua New Guinea 2%,0.000238078,Local Community,Presence of indigenous population,3
Cobalt,0.190462604,Papua New Guinea,0.02,Papua New Guinea 2%,0.000238078,Local Community,Sanitation coverage,4
Cobalt,0.190462604,Papua New Guinea,0.02,Papua New Guinea 2%,0.000158719,Society,Embodied value added total,2
Cobalt,0.190462604,Papua New Guinea,0.02,Papua New Guinea 2%,0.000158719,Society,Global Peace Index,3
Cobalt,0.190462604,Papua New Guinea,0.02,Papua New Guinea 2%,0.000158719,Society,"Health expenditure, total",5
Cobalt,0.190462604,Papua New Guinea,0.02,Papua New Guinea 2%,0.000158719,Society,"Illiteracy rate, total",4
Cobalt,0.190462604,Papua New Guinea,0.02,Papua New Guinea 2%,0.000158719,Society,Life expectancy at birth,4
Cobalt,0.190462604,Papua New Guinea,0.02,Papua New Guinea 2%,0.000158719,Society,Public expenditure on education,2
Cobalt,0.190462604,Papua New Guinea,0.02,Papua New Guinea 2%,0.000952313,Value Chain Actors,Public sector corruption,5
Cobalt,0.190462604,Papua New Guinea,0.02,Papua New Guinea 2%,0.000136045,Workers,"Children in employment, total",4
Cobalt,0.190462604,Papua New Guinea,0.02,Papua New Guinea 2%,0.000136045,Workers,Evidence of violations of laws and employment regulations,4
Cobalt,0.190462604,Papua New Guinea,0.02,Papua New Guinea 2%,0.000136045,Workers,"Sector average wage, per month",2
Cobalt,0.190462604,Papua New Guinea,0.02,Papua New Guinea 2%,0.000136045,Workers,Trade union density,5
Cobalt,0.190462604,Papua New Guinea,0.02,Papua New Guinea 2%,0.000136045,Workers,Weekly hours of work per employee,4
Cobalt,0.190462604,Papua New Guinea,0.02,Papua New Guinea 2%,0.000136045,Workers,Women in the sectoral labour force,1
Cobalt,0.190462604,Papua New Guinea,0.02,Papua New Guinea 2%,0.000136045,Workers,Workers affected by natural disasters,3
Cobalt,0.190462604,Philippines,0.033571429,Philippines 3.4%,0.000399631,Local Community,Drinking water coverage,2
Cobalt,0.190462604,Philippines,0.033571429,Philippines 3.4%,0.000399631,Local Community,International Migrant Stock,1
Cobalt,0.190462604,Philippines,0.033571429,Philippines 3.4%,0.000399631,Local Community,Presence of indigenous population,3
Cobalt,0.190462604,Philippines,0.033571429,Philippines 3.4%,0.000399631,Local Community,Sanitation coverage,4
Cobalt,0.190462604,Philippines,0.033571429,Philippines 3.4%,0.000266421,Society,Embodied value added total,1
Cobalt,0.190462604,Philippines,0.033571429,Philippines 3.4%,0.000266421,Society,Global Peace Index,4
Cobalt,0.190462604,Philippines,0.033571429,Philippines 3.4%,0.000266421,Society,"Health expenditure, total",4
Cobalt,0.190462604,Philippines,0.033571429,Philippines 3.4%,0.000266421,Society,"Illiteracy rate, total",2
Cobalt,0.190462604,Philippines,0.033571429,Philippines 3.4%,0.000266421,Society,Life expectancy at birth,3
Cobalt,0.190462604,Philippines,0.033571429,Philippines 3.4%,0.000266421,Society,Public expenditure on education,3
Cobalt,0.190462604,Philippines,0.033571429,Philippines 3.4%,0.001598525,Value Chain Actors,Public sector corruption,5
Cobalt,0.190462604,Philippines,0.033571429,Philippines 3.4%,0.000228361,Workers,"Children in employment, total",3
Cobalt,0.190462604,Philippines,0.033571429,Philippines 3.4%,0.000228361,Workers,Evidence of violations of laws and employment regulations,3
Cobalt,0.190462604,Philippines,0.033571429,Philippines 3.4%,0.000228361,Workers,"Sector average wage, per month",4
Cobalt,0.190462604,Philippines,0.033571429,Philippines 3.4%,0.000228361,Workers,Trade union density,5
Cobalt,0.190462604,Philippines,0.033571429,Philippines 3.4%,0.000228361,Workers,Weekly hours of work per employee,3
Cobalt,0.190462604,Philippines,0.033571429,Philippines 3.4%,0.000228361,Workers,Women in the sectoral labour force,5
Cobalt,0.190462604,Philippines,0.033571429,Philippines 3.4%,0.000228361,Workers,Workers affected by natural disasters,5
Cobalt,0.190462604,Russia,0.045,Russia 4.5%,0.000535676,Local Community,Drinking water coverage,5
Cobalt,0.190462604,Russia,0.045,Russia 4.5%,0.000535676,Local Community,International Migrant Stock,3
Cobalt,0.190462604,Russia,0.045,Russia 4.5%,0.000535676,Local Community,Presence of indigenous population,3
Cobalt,0.190462604,Russia,0.045,Russia 4.5%,0.000535676,Local Community,Sanitation coverage,3
Cobalt,0.190462604,Russia,0.045,Russia 4.5%,0.000357117,Society,Embodied value added total,5
Cobalt,0.190462604,Russia,0.045,Russia 4.5%,0.000357117,Society,Global Peace Index,5
Cobalt,0.190462604,Russia,0.045,Russia 4.5%,0.000357117,Society,"Health expenditure, total",3
Cobalt,0.190462604,Russia,0.045,Russia 4.5%,0.000357117,Society,"Illiteracy rate, total",1
Cobalt,0.190462604,Russia,0.045,Russia 4.5%,0.000357117,Society,Life expectancy at birth,2
Cobalt,0.190462604,Russia,0.045,Russia 4.5%,0.000357117,Society,Public expenditure on education,3
Cobalt,0.190462604,Russia,0.045,Russia 4.5%,0.002142704,Value Chain Actors,Public sector corruption,5
Cobalt,0.190462604,Russia,0.045,Russia 4.5%,0.000306101,Workers,"Children in employment, total",4
Cobalt,0.190462604,Russia,0.045,Russia 4.5%,0.000306101,Workers,Evidence of violations of laws and employment regulations,3
Cobalt,0.190462604,Russia,0.045,Russia 4.5%,0.000306101,Workers,"Sector average wage, per month",2
Cobalt,0.190462604,Russia,0.045,Russia 4.5%,0.000306101,Workers,Trade union density,4
Cobalt,0.190462604,Russia,0.045,Russia 4.5%,0.000306101,Workers,Weekly hours of work per employee,4
Cobalt,0.190462604,Russia,0.045,Russia 4.5%,0.000306101,Workers,Women in the sectoral labour force,1
Cobalt,0.190462604,Russia,0.045,Russia 4.5%,0.000306101,Workers,Workers affected by natural disasters,1
Cobalt,0.190462604,Rest of the world,0.133571429,Rest of the world 13.4%,0.025440362,,,3.765501708
Manganese,0.177551209,Australia,0.178378378,Australia 17.8%,0.001979456,Local Community,Drinking water coverage,1
Manganese,0.177551209,Australia,0.178378378,Australia 17.8%,0.001979456,Local Community,International Migrant Stock,5
Manganese,0.177551209,Australia,0.178378378,Australia 17.8%,0.001979456,Local Community,Presence of indigenous population,3
Manganese,0.177551209,Australia,0.178378378,Australia 17.8%,0.001979456,Local Community,Sanitation coverage,3
Manganese,0.177551209,Australia,0.178378378,Australia 17.8%,0.001319637,Society,Embodied value added total,5
Manganese,0.177551209,Australia,0.178378378,Australia 17.8%,0.001319637,Society,Global Peace Index,1
Manganese,0.177551209,Australia,0.178378378,Australia 17.8%,0.001319637,Society,"Health expenditure, total",3
Manganese,0.177551209,Australia,0.178378378,Australia 17.8%,0.001319637,Society,"Illiteracy rate, total",3
Manganese,0.177551209,Australia,0.178378378,Australia 17.8%,0.001319637,Society,Life expectancy at birth,0
Manganese,0.177551209,Australia,0.178378378,Australia 17.8%,0.001319637,Society,Public expenditure on education,2
Manganese,0.177551209,Australia,0.178378378,Australia 17.8%,0.007917824,Value Chain Actors,Public sector corruption,2
Manganese,0.177551209,Australia,0.178378378,Australia 17.8%,0.001131118,Workers,"Children in employment, total",2
Manganese,0.177551209,Australia,0.178378378,Australia 17.8%,0.001131118,Workers,Evidence of violations of laws and employment regulations,3
Manganese,0.177551209,Australia,0.178378378,Australia 17.8%,0.001131118,Workers,"Sector average wage, per month",1
Manganese,0.177551209,Australia,0.178378378,Australia 17.8%,0.001131118,Workers,Trade union density,5
Manganese,0.177551209,Australia,0.178378378,Australia 17.8%,0.001131118,Workers,Weekly hours of work per employee,3
Manganese,0.177551209,Australia,0.178378378,Australia 17.8%,0.001131118,Workers,Women in the sectoral labour force,4
Manganese,0.177551209,Australia,0.178378378,Australia 17.8%,0.001131118,Workers,Workers affected by natural disasters,1
Manganese,0.177551209,Brazil,0.064864865,Brazil 6.5%,0.000719802,Local Community,Drinking water coverage,1
Manganese,0.177551209,Brazil,0.064864865,Brazil 6.5%,0.000719802,Local Community,International Migrant Stock,1
Manganese,0.177551209,Brazil,0.064864865,Brazil 6.5%,0.000719802,Local Community,Presence of indigenous population,3
Manganese,0.177551209,Brazil,0.064864865,Brazil 6.5%,0.000719802,Local Community,Sanitation coverage,4
Manganese,0.177551209,Brazil,0.064864865,Brazil 6.5%,0.000479868,Society,Embodied value added total,5
Manganese,0.177551209,Brazil,0.064864865,Brazil 6.5%,0.000479868,Society,Global Peace Index,3
Manganese,0.177551209,Brazil,0.064864865,Brazil 6.5%,0.000479868,Society,"Health expenditure, total",2
Manganese,0.177551209,Brazil,0.064864865,Brazil 6.5%,0.000479868,Society,"Illiteracy rate, total",3
Manganese,0.177551209,Brazil,0.064864865,Brazil 6.5%,0.000479868,Society,Life expectancy at birth,2
Manganese,0.177551209,Brazil,0.064864865,Brazil 6.5%,0.000479868,Society,Public expenditure on education,1
Manganese,0.177551209,Brazil,0.064864865,Brazil 6.5%,0.002879209,Value Chain Actors,Public sector corruption,5
Manganese,0.177551209,Brazil,0.064864865,Brazil 6.5%,0.000411316,Workers,"Children in employment, total",2
Manganese,0.177551209,Brazil,0.064864865,Brazil 6.5%,0.000411316,Workers,Evidence of violations of laws and employment regulations,3
Manganese,0.177551209,Brazil,0.064864865,Brazil 6.5%,0.000411316,Workers,"Sector average wage, per month",3
Manganese,0.177551209,Brazil,0.064864865,Brazil 6.5%,0.000411316,Workers,Trade union density,5
Manganese,0.177551209,Brazil,0.064864865,Brazil 6.5%,0.000411316,Workers,Weekly hours of work per employee,2
Manganese,0.177551209,Brazil,0.064864865,Brazil 6.5%,0.000411316,Workers,Women in the sectoral labour force,1
Manganese,0.177551209,Brazil,0.064864865,Brazil 6.5%,0.000411316,Workers,Workers affected by natural disasters,1
Manganese,0.177551209,China,0.07027027,China 7%,0.000779786,Local Community,Drinking water coverage,2
Manganese,0.177551209,China,0.07027027,China 7%,0.000779786,Local Community,International Migrant Stock,1
Manganese,0.177551209,China,0.07027027,China 7%,0.000779786,Local Community,Presence of indigenous population,3
Manganese,0.177551209,China,0.07027027,China 7%,0.000779786,Local Community,Sanitation coverage,4
Manganese,0.177551209,China,0.07027027,China 7%,0.000519857,Society,Embodied value added total,2
Manganese,0.177551209,China,0.07027027,China 7%,0.000519857,Society,Global Peace Index,3
Manganese,0.177551209,China,0.07027027,China 7%,0.000519857,Society,"Health expenditure, total",4
Manganese,0.177551209,China,0.07027027,China 7%,0.000519857,Society,"Illiteracy rate, total",3
Manganese,0.177551209,China,0.07027027,China 7%,0.000519857,Society,Life expectancy at birth,1
Manganese,0.177551209,China,0.07027027,China 7%,0.000519857,Society,Public expenditure on education,2
Manganese,0.177551209,China,0.07027027,China 7%,0.003119143,Value Chain Actors,Public sector corruption,5
Manganese,0.177551209,China,0.07027027,China 7%,0.000445592,Workers,"Children in employment, total",4
Manganese,0.177551209,China,0.07027027,China 7%,0.000445592,Workers,Evidence of violations of laws and employment regulations,3
Manganese,0.177551209,China,0.07027027,China 7%,0.000445592,Workers,"Sector average wage, per month",1
Manganese,0.177551209,China,0.07027027,China 7%,0.000445592,Workers,Trade union density,3
Manganese,0.177551209,China,0.07027027,China 7%,0.000445592,Workers,Weekly hours of work per employee,3
Manganese,0.177551209,China,0.07027027,China 7%,0.000445592,Workers,Women in the sectoral labour force,1
Manganese,0.177551209,China,0.07027027,China 7%,0.000445592,Workers,Workers affected by natural disasters,4
Manganese,0.177551209,Gabon,0.151351351,Gabon 15.1%,0.001679538,Local Community,Drinking water coverage,3
Manganese,0.177551209,Gabon,0.151351351,Gabon 15.1%,0.001679538,Local Community,International Migrant Stock,4
Manganese,0.177551209,Gabon,0.151351351,Gabon 15.1%,0.001679538,Local Community,Presence of indigenous population,3
Manganese,0.177551209,Gabon,0.151351351,Gabon 15.1%,0.001679538,Local Community,Sanitation coverage,4
Manganese,0.177551209,Gabon,0.151351351,Gabon 15.1%,0.001119692,Society,Embodied value added total,4
Manganese,0.177551209,Gabon,0.151351351,Gabon 15.1%,0.001119692,Society,Global Peace Index,3
Manganese,0.177551209,Gabon,0.151351351,Gabon 15.1%,0.001119692,Society,"Health expenditure, total",4
Manganese,0.177551209,Gabon,0.151351351,Gabon 15.1%,0.001119692,Society,"Illiteracy rate, total",5
Manganese,0.177551209,Gabon,0.151351351,Gabon 15.1%,0.001119692,Society,Life expectancy at birth,4
Manganese,0.177551209,Gabon,0.151351351,Gabon 15.1%,0.001119692,Society,Public expenditure on education,3
Manganese,0.177551209,Gabon,0.151351351,Gabon 15.1%,0.006718154,Value Chain Actors,Public sector corruption,5
Manganese,0.177551209,Gabon,0.151351351,Gabon 15.1%,0.000959736,Workers,"Children in employment, total",5
Manganese,0.177551209,Gabon,0.151351351,Gabon 15.1%,0.000959736,Workers,Evidence of violations of laws and employment regulations,4
Manganese,0.177551209,Gabon,0.151351351,Gabon 15.1%,0.000959736,Workers,"Sector average wage, per month",3
Manganese,0.177551209,Gabon,0.151351351,Gabon 15.1%,0.000959736,Workers,Trade union density,5
Manganese,0.177551209,Gabon,0.151351351,Gabon 15.1%,0.000959736,Workers,Weekly hours of work per employee,2
Manganese,0.177551209,Gabon,0.151351351,Gabon 15.1%,0.000959736,Workers,Women in the sectoral labour force,1
Manganese,0.177551209,Gabon,0.151351351,Gabon 15.1%,0.000959736,Workers,Workers affected by natural disasters,3
Manganese,0.177551209,Ghana,0.075675676,Ghana 7.6%,0.000839769,Local Community,Drinking water coverage,5
Manganese,0.177551209,Ghana,0.075675676,Ghana 7.6%,8.40E-04,Local Community,International Migrant Stock,1
Manganese,0.177551209,Ghana,0.075675676,Ghana 7.6%,8.40E-04,Local Community,Presence of indigenous population,0
Manganese,0.177551209,Ghana,0.075675676,Ghana 7.6%,8.40E-04,Local Community,Sanitation coverage,5
Manganese,0.177551209,Ghana,0.075675676,Ghana 7.6%,5.60E-04,Society,Embodied value added total,3
Manganese,0.177551209,Ghana,0.075675676,Ghana 7.6%,5.60E-04,Society,Global Peace Index,2
Manganese,0.177551209,Ghana,0.075675676,Ghana 7.6%,5.60E-04,Society,"Health expenditure, total",4
Manganese,0.177551209,Ghana,0.075675676,Ghana 7.6%,5.60E-04,Society,"Illiteracy rate, total",5
Manganese,0.177551209,Ghana,0.075675676,Ghana 7.6%,5.60E-04,Society,Life expectancy at birth,4
Manganese,0.177551209,Ghana,0.075675676,Ghana 7.6%,5.60E-04,Society,Public expenditure on education,2
Manganese,0.177551209,Ghana,0.075675676,Ghana 7.6%,3.36E-03,Value Chain Actors,Public sector corruption,5
Manganese,0.177551209,Ghana,0.075675676,Ghana 7.6%,0.000479868,Workers,"Children in employment, total",5
Manganese,0.177551209,Ghana,0.075675676,Ghana 7.6%,4.80E-04,Workers,Evidence of violations of laws and employment regulations,4
Manganese,0.177551209,Ghana,0.075675676,Ghana 7.6%,4.80E-04,Workers,"Sector average wage, per month",5
Manganese,0.177551209,Ghana,0.075675676,Ghana 7.6%,4.80E-04,Workers,Trade union density,4
Manganese,0.177551209,Ghana,0.075675676,Ghana 7.6%,4.80E-04,Workers,Weekly hours of work per employee,2
Manganese,0.177551209,Ghana,0.075675676,Ghana 7.6%,4.80E-04,Workers,Women in the sectoral labour force,4
Manganese,0.177551209,Ghana,0.075675676,Ghana 7.6%,4.80E-04,Workers,Workers affected by natural disasters,1
Manganese,0.177551209,South Africa,0.281081081,South Africa 28.1%,3.12E-03,Local Community,Drinking water coverage,3
Manganese,0.177551209,South Africa,0.281081081,South Africa 28.1%,0.003119143,Local Community,International Migrant Stock,3
Manganese,0.177551209,South Africa,0.281081081,South Africa 28.1%,0.003119143,Local Community,Presence of indigenous population,3
Manganese,0.177551209,South Africa,0.281081081,South Africa 28.1%,0.003119143,Local Community,Sanitation coverage,4
Manganese,0.177551209,South Africa,0.281081081,South Africa 28.1%,0.002079429,Society,Embodied value added total,5
Manganese,0.177551209,South Africa,0.281081081,South Africa 28.1%,0.002079429,Society,Global Peace Index,4
Manganese,0.177551209,South Africa,0.281081081,South Africa 28.1%,0.002079429,Society,"Health expenditure, total",3
Manganese,0.177551209,South Africa,0.281081081,South Africa 28.1%,0.002079429,Society,"Illiteracy rate, total",3
Manganese,0.177551209,South Africa,0.281081081,South Africa 28.1%,0.002079429,Society,Life expectancy at birth,5
Manganese,0.177551209,South Africa,0.281081081,South Africa 28.1%,0.002079429,Society,Public expenditure on education,1
Manganese,0.177551209,South Africa,0.281081081,South Africa 28.1%,0.012476571,Value Chain Actors,Public sector corruption,5
Manganese,0.177551209,South Africa,0.281081081,South Africa 28.1%,0.001782367,Workers,"Children in employment, total",5
Manganese,0.177551209,South Africa,0.281081081,South Africa 28.1%,0.001782367,Workers,Evidence of violations of laws and employment regulations,1
Manganese,0.177551209,South Africa,0.281081081,South Africa 28.1%,0.001782367,Workers,"Sector average wage, per month",3
Manganese,0.177551209,South Africa,0.281081081,South Africa 28.1%,0.001782367,Workers,Trade union density,4
Manganese,0.177551209,South Africa,0.281081081,South Africa 28.1%,0.001782367,Workers,Weekly hours of work per employee,2
Manganese,0.177551209,South Africa,0.281081081,South Africa 28.1%,0.001782367,Workers,Women in the sectoral labour force,4
Manganese,0.177551209,South Africa,0.281081081,South Africa 28.1%,0.001782367,Workers,Workers affected by natural disasters,1
Manganese,0.177551209,Rest of the world,0.178378378,Rest of the world 17.8%,0.031671297,,,3.366893797
Lithium,0.011216116,Argentina,0.059160305,Argentina 5.9%,4.15E-05,Local Community,Drinking water coverage,1
Lithium,0.011216116,Argentina,0.059160305,Argentina 5.9%,4.15E-05,Local Community,International Migrant Stock,2
Lithium,0.011216116,Argentina,0.059160305,Argentina 5.9%,4.15E-05,Local Community,Presence of indigenous population,3
Lithium,0.011216116,Argentina,0.059160305,Argentina 5.9%,4.15E-05,Local Community,Sanitation coverage,5
Lithium,0.011216116,Argentina,0.059160305,Argentina 5.9%,2.76E-05,Society,Embodied value added total,5
Lithium,0.011216116,Argentina,0.059160305,Argentina 5.9%,2.76E-05,Society,Global Peace Index,2
Lithium,0.011216116,Argentina,0.059160305,Argentina 5.9%,2.76E-05,Society,"Health expenditure, total",3
Lithium,0.011216116,Argentina,0.059160305,Argentina 5.9%,2.76E-05,Society,"Illiteracy rate, total",1
Lithium,0.011216116,Argentina,0.059160305,Argentina 5.9%,2.76E-05,Society,Life expectancy at birth,1
Lithium,0.011216116,Argentina,0.059160305,Argentina 5.9%,2.76E-05,Society,Public expenditure on education,2
Lithium,0.011216116,Argentina,0.059160305,Argentina 5.9%,0.000165887,Value Chain Actors,Public sector corruption,5
Lithium,0.011216116,Argentina,0.059160305,Argentina 5.9%,2.37E-05,Workers,"Children in employment, total",3
Lithium,0.011216116,Argentina,0.059160305,Argentina 5.9%,2.37E-05,Workers,Evidence of violations of laws and employment regulations,4
Lithium,0.011216116,Argentina,0.059160305,Argentina 5.9%,2.37E-05,Workers,"Sector average wage, per month",2
Lithium,0.011216116,Argentina,0.059160305,Argentina 5.9%,2.37E-05,Workers,Trade union density,4
Lithium,0.011216116,Argentina,0.059160305,Argentina 5.9%,2.37E-05,Workers,Weekly hours of work per employee,3
Lithium,0.011216116,Argentina,0.059160305,Argentina 5.9%,2.37E-05,Workers,Women in the sectoral labour force,3
Lithium,0.011216116,Argentina,0.059160305,Argentina 5.9%,2.37E-05,Workers,Workers affected by natural disasters,1
Lithium,0.011216116,Australia,0.52480916,Australia 52.5%,3.68E-04,Local Community,Drinking water coverage,1
Lithium,0.011216116,Australia,0.52480916,Australia 52.5%,3.68E-04,Local Community,International Migrant Stock,5
Lithium,0.011216116,Australia,0.52480916,Australia 52.5%,3.68E-04,Local Community,Presence of indigenous population,3
Lithium,0.011216116,Australia,0.52480916,Australia 52.5%,3.68E-04,Local Community,Sanitation coverage,3
Lithium,0.011216116,Australia,0.52480916,Australia 52.5%,2.45E-04,Society,Embodied value added total,5
Lithium,0.011216116,Australia,0.52480916,Australia 52.5%,2.45E-04,Society,Global Peace Index,1
Lithium,0.011216116,Australia,0.52480916,Australia 52.5%,2.45E-04,Society,"Health expenditure, total",3
Lithium,0.011216116,Australia,0.52480916,Australia 52.5%,2.45E-04,Society,"Illiteracy rate, total",3
Lithium,0.011216116,Australia,0.52480916,Australia 52.5%,2.45E-04,Society,Life expectancy at birth,0
Lithium,0.011216116,Australia,0.52480916,Australia 52.5%,2.45E-04,Society,Public expenditure on education,2
Lithium,0.011216116,Australia,0.52480916,Australia 52.5%,0.00147158,Value Chain Actors,Public sector corruption,2
Lithium,0.011216116,Australia,0.52480916,Australia 52.5%,2.10E-04,Workers,"Children in employment, total",2
Lithium,0.011216116,Australia,0.52480916,Australia 52.5%,2.10E-04,Workers,Evidence of violations of laws and employment regulations,3
Lithium,0.011216116,Australia,0.52480916,Australia 52.5%,2.10E-04,Workers,"Sector average wage, per month",1
Lithium,0.011216116,Australia,0.52480916,Australia 52.5%,2.10E-04,Workers,Trade union density,5
Lithium,0.011216116,Australia,0.52480916,Australia 52.5%,2.10E-04,Workers,Weekly hours of work per employee,4
Lithium,0.011216116,Australia,0.52480916,Australia 52.5%,2.10E-04,Workers,Women in the sectoral labour force,4
Lithium,0.011216116,Australia,0.52480916,Australia 52.5%,2.10E-04,Workers,Workers affected by natural disasters,1
Lithium,0.011216116,Chile,0.248091603,Chile 24.8%,0.000173914,Local Community,Drinking water coverage,1
Lithium,0.011216116,Chile,0.248091603,Chile 24.8%,0.000173914,Local Community,International Migrant Stock,2
Lithium,0.011216116,Chile,0.248091603,Chile 24.8%,0.000173914,Local Community,Presence of indigenous population,3
Lithium,0.011216116,Chile,0.248091603,Chile 24.8%,0.000173914,Local Community,Sanitation coverage,3
Lithium,0.011216116,Chile,0.248091603,Chile 24.8%,0.000115943,Society,Embodied value added total,5
Lithium,0.011216116,Chile,0.248091603,Chile 24.8%,0.000115943,Society,Global Peace Index,2
Lithium,0.011216116,Chile,0.248091603,Chile 24.8%,0.000115943,Society,"Health expenditure, total",3
Lithium,0.011216116,Chile,0.248091603,Chile 24.8%,0.000115943,Society,"Illiteracy rate, total",2
Lithium,0.011216116,Chile,0.248091603,Chile 24.8%,0.000115943,Society,Life expectancy at birth,0
Lithium,0.011216116,Chile,0.248091603,Chile 24.8%,0.000115943,Society,Public expenditure on education,2
Lithium,0.011216116,Chile,0.248091603,Chile 24.8%,0.000695656,Value Chain Actors,Public sector corruption,3
Lithium,0.011216116,Chile,0.248091603,Chile 24.8%,9.94E-05,Workers,"Children in employment, total",2
Lithium,0.011216116,Chile,0.248091603,Chile 24.8%,9.94E-05,Workers,Evidence of violations of laws and employment regulations,3
Lithium,0.011216116,Chile,0.248091603,Chile 24.8%,9.94E-05,Workers,"Sector average wage, per month",4
Lithium,0.011216116,Chile,0.248091603,Chile 24.8%,9.94E-05,Workers,Trade union density,5
Lithium,0.011216116,Chile,0.248091603,Chile 24.8%,9.94E-05,Workers,Weekly hours of work per employee,3
Lithium,0.011216116,Chile,0.248091603,Chile 24.8%,9.94E-05,Workers,Women in the sectoral labour force,2
Lithium,0.011216116,Chile,0.248091603,Chile 24.8%,9.94E-05,Workers,Workers affected by natural disasters,4
Lithium,0.011216116,China,0.133587786,China 13.4%,9.36E-05,Local Community,Drinking water coverage,2
Lithium,0.011216116,China,0.133587786,China 13.4%,9.36E-05,Local Community,International Migrant Stock,1
Lithium,0.011216116,China,0.133587786,China 13.4%,9.36E-05,Local Community,Presence of indigenous population,3
Lithium,0.011216116,China,0.133587786,China 13.4%,9.36E-05,Local Community,Sanitation coverage,4
Lithium,0.011216116,China,0.133587786,China 13.4%,6.24E-05,Society,Embodied value added total,2
Lithium,0.011216116,China,0.133587786,China 13.4%,6.24E-05,Society,Global Peace Index,3
Lithium,0.011216116,China,0.133587786,China 13.4%,6.24E-05,Society,"Health expenditure, total",4
Lithium,0.011216116,China,0.133587786,China 13.4%,6.24E-05,Society,"Illiteracy rate, total",3
Lithium,0.011216116,China,0.133587786,China 13.4%,6.24E-05,Society,Life expectancy at birth,1
Lithium,0.011216116,China,0.133587786,China 13.4%,6.24E-05,Society,Public expenditure on education,2
Lithium,0.011216116,China,0.133587786,China 13.4%,0.000374584,Value Chain Actors,Public sector corruption,5
Lithium,0.011216116,China,0.133587786,China 13.4%,5.35E-05,Workers,"Children in employment, total",4
Lithium,0.011216116,China,0.133587786,China 13.4%,5.35E-05,Workers,Evidence of violations of laws and employment regulations,3
Lithium,0.011216116,China,0.133587786,China 13.4%,5.35E-05,Workers,"Sector average wage, per month",1
Lithium,0.011216116,China,0.133587786,China 13.4%,5.35E-05,Workers,Trade union density,3
Lithium,0.011216116,China,0.133587786,China 13.4%,5.35E-05,Workers,Weekly hours of work per employee,3
Lithium,0.011216116,China,0.133587786,China 13.4%,5.35E-05,Workers,Women in the sectoral labour force,1
Lithium,0.011216116,China,0.133587786,China 13.4%,5.35E-05,Workers,Workers affected by natural disasters,4
Lithium,0.011216116,Rest of the world,0.034351145,Rest of the world 3.4%,0.000385286,,,2.720608649
